,ISO_A3,ADM0_DIF,LEVEL,ADM0_A3,ADM0_A3_IS,GU_A3,ISO_N3,TYPE,GEOUNIT,ABBREV,NAME,NAME_LONG,ISOA3_GUA3,unicef_region,country,IncomeGroup,GDP 2016,PPP 2016,Pop % under 14,Pop # under 14,DTP1-16,DTP1-96,DTP1-86
1,-99,0.0,3.0,ATG,ATG,ACA,-99,Geo unit,Antigua,Ant.,Antigua,Antigua,ATG,Latin America & Caribbean,Antigua and Barbuda,High income,"1,449",22413.4838,24.0,24480.0,99.0,99.0,98.0
2,-99,0.0,3.0,ATG,ATG,ACB,-99,Geo unit,Barbuda,Barb.,Barbuda,Barbuda,ATG,Latin America & Caribbean,Antigua and Barbuda,High income,"1,449",22413.4838,24.0,24480.0,99.0,99.0,98.0
3,AFG,0.0,2.0,AFG,AFG,AFG,4,Sovereign country,Afghanistan,Afg.,Afghanistan,Afghanistan,AFG,South Asia,Afghanistan,Low income,"19,469",1876.544682,43.0,15277900.0,73.0,56.0,32.0
4,AGO,0.0,2.0,AGO,AGO,AGO,24,Sovereign country,Angola,Ang.,Angola,Angola,AGO,Eastern & Southern Africa,Angola,Lower middle income,"89,633",6499.067104,47.0,13998480.0,79.0,53.0,31.0
6,ALB,0.0,2.0,ALB,ALB,ALB,8,Sovereign country,Albania,Alb.,Albania,Albania,ALB,Eastern Europe & Central Asia,Albania,Upper middle income,"11,927",11928.53656,17.0,498100.0,99.0,98.0,98.0
8,AND,0.0,2.0,AND,AND,AND,20,Sovereign country,Andorra,And.,Andorra,Andorra,AND,Western Europe,Andorra,High income, .. ,,,,99.0,,
9,ARE,0.0,2.0,ARE,ARE,ARE,784,Sovereign country,United Arab Emirates,U.A.E.,United Arab Emirates,United Arab Emirates,ARE,Middle East & North Africa,United Arab Emirates,High income,"348,743",72418.61086,14.0,1316000.0,99.0,96.0,92.0
10,ARG,0.0,2.0,ARG,ARG,ARG,32,Sovereign country,Argentina,Arg.,Argentina,Argentina,ARG,Latin America & Caribbean,Argentina,Upper middle income,"545,866",19934.37249,25.0,11067750.0,97.0,94.0,86.0
11,ARM,0.0,2.0,ARM,ARM,ARM,51,Sovereign country,Armenia,Arm.,Armenia,Armenia,ARM,Eastern Europe & Central Asia,Armenia,Lower middle income,"10,547",8817.953996,20.0,586000.0,97.0,95.0,
27,AUS,1.0,2.0,AUS,AUS,AUS,36,Country,Australia,Auz.,Australia,Australia,AUS,East Asia & Pacific,Australia,High income,"1,204,616",46789.92724,19.0,4645690.0,98.0,95.0,91.0
28,AUT,0.0,2.0,AUT,AUT,AUT,40,Sovereign country,Austria,Aust.,Austria,Austria,AUT,Western Europe,Austria,High income,"386,428",50077.83261,14.0,1222900.0,99.0,96.0,96.0
29,AZE,0.0,2.0,AZE,AZE,AZE,31,Sovereign country,Azerbaijan,Aze.,Azerbaijan,Azerbaijan,AZE,Eastern Europe & Central Asia,Azerbaijan,Upper middle income,"37,848",17253.25603,23.0,2260440.0,98.0,82.0,
30,-99,0.0,3.0,BEL,BEL,BCR,-99,Geo unit,Brussels Capital Region,Brus.,Brussels,Brussels,BEL,Western Europe,Belgium,High income,"466,366",46383.23696,17.0,1942930.0,99.0,98.0,98.0
31,-99,0.0,3.0,BEL,BEL,BFR,-99,Geo unit,Flemish Region,Flem.,Flemish,Flemish Region,BEL,Western Europe,Belgium,High income,"466,366",46383.23696,17.0,1942930.0,99.0,98.0,98.0
32,-99,0.0,3.0,BEL,BEL,BWR,-99,Geo unit,Walloon Region,Wal.,Walloon,Walloon Region,BEL,Western Europe,Belgium,High income,"466,366",46383.23696,17.0,1942930.0,99.0,98.0,98.0
33,BDI,0.0,2.0,BDI,BDI,BDI,108,Sovereign country,Burundi,Bur.,Burundi,Burundi,BDI,Eastern & Southern Africa,Burundi,Low income,"3,007",777.9565012,45.0,4888800.0,97.0,86.0,76.0
34,BEN,0.0,2.0,BEN,BEN,BEN,204,Sovereign country,Benin,Benin,Benin,Benin,BEN,West & Central Africa,Benin,Low income,"8,583",2168.210407,43.0,4805680.0,86.0,86.0,36.0
35,BFA,0.0,2.0,BFA,BFA,BFA,854,Sovereign country,Burkina Faso,B.F.,Burkina Faso,Burkina Faso,BFA,West & Central Africa,Burkina Faso,Low income,"12,115",1720.121585,45.0,8636850.0,95.0,78.0,48.0
36,BGD,0.0,2.0,BGD,BGD,BGD,50,Sovereign country,Bangladesh,Bang.,Bangladesh,Bangladesh,BGD,South Asia,Bangladesh,Lower middle income,"221,415",3580.694128,28.0,46107600.0,99.0,91.0,22.0
37,BGR,0.0,2.0,BGR,BGR,BGR,100,Sovereign country,Bulgaria,Bulg.,Bulgaria,Bulgaria,BGR,Eastern Europe & Central Asia,Bulgaria,Upper middle income,"52,395",19199.07115,14.0,991900.0,94.0,98.0,99.0
38,-99,0.0,3.0,BIH,BIH,BHB,-99,Geo unit,Brcko District,B.D.,Brcko District,Brcko District,BIH,Eastern Europe & Central Asia,Bosnia and Herzegovina,Upper middle income,"16,560",12074.75236,14.0,490980.0,90.0,86.0,
39,-99,0.0,3.0,BIH,BIH,BHF,-99,Geo unit,Bosnia and Herzegovina,B.H.,Fed. of Bos. & Herz.,Federation of Bosnia and Herzegovina,BIH,Eastern Europe & Central Asia,Bosnia and Herzegovina,Upper middle income,"16,560",12074.75236,14.0,490980.0,90.0,86.0,
40,-99,0.0,3.0,BIH,BIH,BIS,-99,Geo unit,Republic Srpska,Srp.,Rep. Srpska,Republic Srpska,BIH,Eastern Europe & Central Asia,Bosnia and Herzegovina,Upper middle income,"16,560",12074.75236,14.0,490980.0,90.0,86.0,
41,BHR,0.0,2.0,BHR,BHR,BHR,48,Sovereign country,Bahrain,Bahr.,Bahrain,Bahrain,BHR,Middle East & North Africa,Bahrain,High income,"31,859",,20.0,298600.0,99.0,96.0,97.0
42,BHS,0.0,2.0,BHS,BHS,BHS,44,Sovereign country,The Bahamas,Bhs.,Bahamas,Bahamas,BHS,Latin America & Caribbean,Bahamas,High income,"9,047",23173.0333,20.0,79000.0,95.0,95.0,95.0
44,BLR,0.0,2.0,BLR,BLR,BLR,112,Sovereign country,Belarus,Bela.,Belarus,Belarus,BLR,Eastern Europe & Central Asia,Belarus,Upper middle income,"47,433",18060.41295,17.0,1609560.0,99.0,98.0,
45,BLZ,0.0,2.0,BLZ,BLZ,BLZ,84,Sovereign country,Belize,Belize,Belize,Belize,BLZ,Latin America & Caribbean,Belize,Upper middle income,"1,765",8448.043456,31.0,116250.0,98.0,95.0,98.0
47,BOL,0.0,2.0,BOL,BOL,BOL,68,Sovereign country,Bolivia,Bolivia,Bolivia,Bolivia,BOL,Latin America & Caribbean,Bolivia (Plurinational State of),Lower middle income,"33,806",7236.089471,32.0,3536640.0,99.0,82.0,67.0
49,BRA,0.0,2.0,BRA,BRA,BRA,76,Sovereign country,Brazil,Brazil,Brazil,Brazil,BRA,Latin America & Caribbean,Brazil,Upper middle income,"1,796,187",15127.8101,22.0,46043360.0,89.0,75.0,80.0
50,BRB,0.0,2.0,BRB,BRB,BRB,52,Sovereign country,Barbados,Barb.,Barbados,Barbados,BRB,Latin America & Caribbean,Barbados,High income,"4,588",16815.57034,19.0,54340.0,99.0,95.0,92.0
51,BRN,0.0,2.0,BRN,BRN,BRN,96,Sovereign country,Brunei,Brunei,Brunei,Brunei Darussalam,BRN,East Asia & Pacific,Brunei Darussalam,High income,"11,400",77440.88443,23.0,98670.0,99.0,99.0,95.0
52,BTN,0.0,2.0,BTN,BTN,BTN,64,Sovereign country,Bhutan,Bhutan,Bhutan,Bhutan,BTN,South Asia,Bhutan,Lower middle income,"2,237",8743.985571,27.0,218160.0,99.0,95.0,77.0
54,BWA,0.0,2.0,BWA,BWA,BWA,72,Sovereign country,Botswana,Bwa.,Botswana,Botswana,BWA,Eastern & Southern Africa,Botswana,Upper middle income,"15,275",16734.85198,31.0,710520.0,98.0,98.0,98.0
55,CAF,0.0,2.0,CAF,CAF,CAF,140,Sovereign country,Central African Republic,C.A.R.,Central African Rep.,Central African Republic,CAF,West & Central Africa,Central African Republic,Low income,"1,756",698.8896075,43.0,2003370.0,69.0,72.0,42.0
56,CAN,0.0,2.0,CAN,CAN,CAN,124,Sovereign country,Canada,Can.,Canada,Canada,CAN,North America,Canada,High income,"1,529,760",44025.18343,16.0,5859840.0,96.0,98.0,
58,CHE,0.0,2.0,CHE,CHE,CHE,756,Sovereign country,Switzerland,Switz.,Switzerland,Switzerland,CHE,Western Europe,Switzerland,High income,"659,827",62881.46051,15.0,1271400.0,99.0,93.0,96.0
59,CHL,0.0,2.0,CHL,CHL,CHL,152,Sovereign country,Chile,Chile,Chile,Chile,CHL,Latin America & Caribbean,Chile,High income,"247,028",23960.27015,20.0,3611000.0,99.0,97.0,96.0
60,CHN,1.0,2.0,CHN,CHN,CHN,156,Country,China,China,China,China,CHN,East Asia & Pacific,China,Upper middle income,"11,199,145",15534.70194,18.0,253713060.0,99.0,94.0,92.0
61,-99,1.0,3.0,CHN,-99,PFA,-99,Geo unit,Paracel Islands,Par. Is.,Paracel Is.,Paracel Islands,CHN,East Asia & Pacific,China,Upper middle income,"11,199,145",15534.70194,18.0,253713060.0,99.0,94.0,92.0
62,CIV,0.0,2.0,CIV,CIV,CIV,384,Sovereign country,Ivory Coast,I.C.,C√¥te d'Ivoire,C√¥te d'Ivoire,CIV,West & Central Africa,CÙte díIvoire,Lower middle income,"36,165",3719.624562,,,98.0,70.0,55.0
63,CMR,0.0,2.0,CMR,CMR,CMR,120,Sovereign country,Cameroon,Cam.,Cameroon,Cameroon,CMR,West & Central Africa,Cameroon,Lower middle income,"24,204",3285.731599,43.0,10343220.0,92.0,71.0,58.0
64,-99,0.0,2.0,CNM,CYP,CNM,-99,Indeterminate,Cyprus No Mans Area,,Cyprus U.N. Buffer Zone,Cyprus U.N. Buffer Zone,CYP,Western Europe,Cyprus,High income,"19,802",32580.35064,17.0,200600.0,98.0,98.0,97.0
65,-99,0.0,2.0,CYN,CYP,CYN,-99,Sovereign country,Northern Cyprus,N. Cy.,N. Cyprus,Northern Cyprus,CYP,Western Europe,Cyprus,High income,"19,802",32580.35064,17.0,200600.0,98.0,98.0,97.0
66,CYP,0.0,2.0,CYP,CYP,CYP,196,Sovereign country,Cyprus,Cyp.,Cyprus,Cyprus,CYP,Western Europe,Cyprus,High income,"19,802",32580.35064,17.0,200600.0,98.0,98.0,97.0
67,COD,0.0,2.0,COD,COD,COD,180,Sovereign country,Democratic Republic of the Congo,D.R.C.,Dem. Rep. Congo,Democratic Republic of the Congo,COD,West & Central Africa,Democratic Republic of the Congo,Low income,"34,999",800.7515654,,,80.0,41.0,57.0
68,COG,0.0,2.0,COG,COG,COG,178,Sovereign country,Republic of Congo,Rep. Congo,Congo,Republic of Congo,COG,West & Central Africa,Congo,Lower middle income,"7,834",5718.788841,42.0,2209620.0,85.0,62.0,88.0
69,COK,1.0,2.0,COK,COK,COK,184,Dependency,Cook Islands,Cook Is.,Cook Is.,Cook Islands,COK,East Asia & Pacific,Cook Islands,,,,,,99.0,91.0,95.0
70,COL,0.0,2.0,COL,COL,COL,170,Sovereign country,Colombia,Col.,Colombia,Colombia,COL,Latin America & Caribbean,Colombia,Upper middle income,"282,463",14157.63404,23.0,11285180.0,93.0,95.0,72.0
71,COM,0.0,2.0,COM,COM,COM,174,Sovereign country,Comoros,Com.,Comoros,Comoros,COM,Eastern & Southern Africa,Comoros,Low income,617,1522.255706,40.0,325600.0,96.0,82.0,88.0
72,CPV,0.0,2.0,CPV,CPV,CPV,132,Sovereign country,Cape Verde,C.Vd.,Cape Verde,Cape Verde,CPV,West & Central Africa,Cabo Verde,Lower middle income,"1,617",6553.034369,30.0,163800.0,96.0,90.0,77.0
73,CRI,0.0,2.0,CRI,CRI,CRI,188,Sovereign country,Costa Rica,C.R.,Costa Rica,Costa Rica,CRI,Latin America & Caribbean,Costa Rica,Upper middle income,"57,436",16614.08851,22.0,1079320.0,99.0,95.0,96.0
74,CUB,0.0,2.0,CUB,CUB,CUB,192,Sovereign country,Cuba,Cuba,Cuba,Cuba,CUB,Latin America & Caribbean,Cuba,Upper middle income,"87,133",,16.0,1837600.0,99.0,96.0,99.0
78,CZE,0.0,2.0,CZE,CZE,CZE,203,Sovereign country,Czech Republic,Cz. Rep.,Czech Rep.,Czech Republic,CZE,Western Europe,Czech Republic,High income,"192,925",34711.28294,,,98.0,98.0,
79,DEU,0.0,2.0,DEU,DEU,DEU,276,Sovereign country,Germany,Ger.,Germany,Germany,DEU,Western Europe,Germany,High income,"3,466,757",48729.59042,13.0,10674820.0,95.0,94.0,96.0
80,DJI,0.0,2.0,DJI,DJI,DJI,262,Sovereign country,Djibouti,Dji.,Djibouti,Djibouti,DJI,Eastern & Southern Africa,Djibouti,Lower middle income,"1,727",,31.0,296670.0,90.0,66.0,48.0
81,DMA,0.0,2.0,DMA,DMA,DMA,212,Sovereign country,Dominica,D'inca,Dominica,Dominica,DMA,Latin America & Caribbean,Dominica,Upper middle income,525,10975.06471,,,99.0,99.0,97.0
82,DNK,1.0,2.0,DNK,DNK,DNK,208,Country,Denmark,Den.,Denmark,Denmark,DNK,Western Europe,Denmark,High income,"306,143",49695.96751,16.0,917440.0,97.0,94.0,97.0
83,DOM,0.0,2.0,DOM,DOM,DOM,214,Sovereign country,Dominican Republic,Dom. Rep.,Dominican Rep.,Dominican Republic,DOM,Latin America & Caribbean,Dominican Republic,Upper middle income,"71,584",15208.91378,29.0,3122430.0,98.0,88.0,93.0
85,DZA,0.0,2.0,DZA,DZA,DZA,12,Sovereign country,Algeria,Alg.,Algeria,Algeria,DZA,Middle East & North Africa,Algeria,Upper middle income,"156,080",15074.92481,29.0,11982220.0,96.0,96.0,92.0
86,ECU,0.0,2.0,ECU,ECU,ECU,218,Sovereign country,Ecuador,Ecu.,Ecuador,Ecuador,ECU,Latin America & Caribbean,Ecuador,Upper middle income,"97,802",11286.17413,28.0,4655000.0,94.0,94.0,69.0
87,EGY,0.0,2.0,EGY,EGY,EGY,818,Sovereign country,Egypt,Egypt,Egypt,Egypt,EGY,Middle East & North Africa,Egypt,Lower middle income,"336,297",11131.71648,33.0,32192490.0,96.0,96.0,93.0
88,-99,1.0,3.0,GBR,-99,ENG,-99,Geo unit,England,Eng.,England,England,GBR,Western Europe,United Kingdom of Great Britain and Northern Ireland,High income,"2,618,886",42608.91939,,,98.0,97.0,86.0
89,-99,1.0,3.0,GBR,-99,NIR,-99,Geo unit,Northern Ireland,N.Ire.,N. Ireland,Northern Ireland,GBR,Western Europe,United Kingdom of Great Britain and Northern Ireland,High income,"2,618,886",42608.91939,,,98.0,97.0,86.0
90,-99,1.0,3.0,GBR,-99,SCT,-99,Geo unit,Scotland,Scot.,Scotland,Scotland,GBR,Western Europe,United Kingdom of Great Britain and Northern Ireland,High income,"2,618,886",42608.91939,,,98.0,97.0,86.0
91,-99,1.0,3.0,GBR,-99,WLS,-99,Geo unit,Wales,Wales,Wales,Wales,GBR,Western Europe,United Kingdom of Great Britain and Northern Ireland,High income,"2,618,886",42608.91939,,,98.0,97.0,86.0
92,ERI,0.0,2.0,ERI,ERI,ERI,232,Sovereign country,Eritrea,Erit.,Eritrea,Eritrea,ERI,Eastern & Southern Africa,Eritrea,Low income, .. ,,42.0,2128980.0,97.0,75.0,
93,ESP,0.0,2.0,ESP,ESP,ESP,724,Sovereign country,Spain,Sp.,Spain,Spain,ESP,Western Europe,Spain,High income,"1,232,088",36309.8443,15.0,6953100.0,99.0,96.0,96.0
94,EST,0.0,2.0,EST,EST,EST,233,Sovereign country,Estonia,Est.,Estonia,Estonia,EST,Western Europe,Estonia,High income,"23,137",29364.72111,16.0,209600.0,94.0,96.0,
95,ETH,0.0,2.0,ETH,ETH,ETH,231,Sovereign country,Ethiopia,Eth.,Ethiopia,Ethiopia,ETH,Eastern & Southern Africa,Ethiopia,Low income,"72,374",1734.918233,41.0,43032370.0,86.0,78.0,27.0
96,FIN,1.0,2.0,FIN,FIN,FIN,246,Country,Finland,Fin.,Finland,Finland,FIN,Western Europe,Finland,High income,"236,785",43052.7268,16.0,883680.0,99.0,99.0,98.0
97,FJI,0.0,2.0,FJI,FJI,FJI,242,Sovereign country,Fiji,Fiji,Fiji,Fiji,FJI,East Asia & Pacific,Fiji,Upper middle income,"4,632",9560.525,28.0,253680.0,99.0,98.0,88.0
101,FSM,0.0,2.0,FSM,FSM,FSM,583,Sovereign country,Federated States of Micronesia,F.S.M.,Micronesia,Federated States of Micronesia,FSM,East Asia & Pacific,Micronesia (Federated States of ),Lower middle income,322,3593.228034,,,95.0,92.0,
102,FRA,1.0,3.0,FRA,FRA,FXX,249,Geo unit,France,Fr.,France,France,FRA,Western Europe,France,High income,"2,465,454",41466.26571,18.0,11696400.0,99.0,98.0,98.0
103,GAB,0.0,2.0,GAB,GAB,GAB,266,Sovereign country,Gabon,Gabon,Gabon,Gabon,GAB,West & Central Africa,Gabon,Upper middle income,"14,214",18107.59942,36.0,729000.0,83.0,78.0,66.0
104,-99,1.0,3.0,PSX,PSE,GAZ,275,Geo unit,Gaza,Gaza,Gaza,Gaza,PSE,Middle East & North Africa,State of Palestine,Lower middle income,"13,397",2943.404534,40.0,1968400.0,99.0,98.0,
105,-99,1.0,3.0,PSX,PSE,WEB,275,Geo unit,West Bank,W.B.,West Bank,West Bank,PSE,Middle East & North Africa,State of Palestine,Lower middle income,"13,397",2943.404534,40.0,1968400.0,99.0,98.0,
106,-99,0.0,3.0,GEO,GEO,GEA,-99,Geo unit,Ajaria,Ajaria,Adjara,Adjara,GEO,Eastern Europe & Central Asia,Georgia,Lower middle income,"14,333",9996.935415,19.0,743280.0,97.0,90.0,
107,-99,0.0,3.0,GEO,GEO,GEG,-99,Geo unit,Georgia,Geo.,Georgia,Georgia,GEO,Eastern Europe & Central Asia,Georgia,Lower middle income,"14,333",9996.935415,19.0,743280.0,97.0,90.0,
109,GHA,0.0,2.0,GHA,GHA,GHA,288,Sovereign country,Ghana,Ghana,Ghana,Ghana,GHA,West & Central Africa,Ghana,Lower middle income,"42,690",4293.57285,39.0,11245260.0,94.0,88.0,60.0
111,GIN,0.0,2.0,GIN,GIN,GIN,324,Sovereign country,Guinea,Gin.,Guinea,Guinea,GIN,West & Central Africa,Guinea,Low income,"6,299",1310.687204,42.0,5341140.0,65.0,72.0,37.0
113,GMB,0.0,2.0,GMB,GMB,GMB,270,Sovereign country,Gambia,Gambia,Gambia,The Gambia,GMB,West & Central Africa,Gambia,Low income,965,1689.07559,45.0,945450.0,99.0,99.0,93.0
114,GNB,0.0,2.0,GNB,GNB,GNB,624,Sovereign country,Guinea Bissau,GnB.,Guinea-Bissau,Guinea-Bissau,GNB,West & Central Africa,Guinea-Bissau,Low income,"1,126",1581.710425,41.0,763010.0,95.0,77.0,88.0
115,GNQ,0.0,2.0,GNQ,GNQ,GNQ,226,Sovereign country,Equatorial Guinea,Eq. G.,Eq. Guinea,Equatorial Guinea,GNQ,West & Central Africa,Equatorial Guinea,Upper middle income,"10,179",25535.10593,37.0,469160.0,40.0,94.0,21.0
116,GRC,0.0,2.0,GRC,GRC,GRC,300,Sovereign country,Greece,Greece,Greece,Greece,GRC,Western Europe,Greece,High income,"194,559",26783.02457,14.0,1562400.0,99.0,96.0,93.0
117,GRD,0.0,2.0,GRD,GRD,GRD,308,Sovereign country,Grenada,Gren.,Grenada,Grenada,GRD,Latin America & Caribbean,Grenada,Upper middle income,"1,016",13927.50344,26.0,28080.0,98.0,93.0,98.0
119,GTM,0.0,2.0,GTM,GTM,GTM,320,Sovereign country,Guatemala,Guat.,Guatemala,Guatemala,GTM,Latin America & Caribbean,Guatemala,Lower middle income,"68,763",7946.771619,35.0,5919900.0,96.0,86.0,62.0
122,GUY,0.0,2.0,GUY,GUY,GUY,328,Sovereign country,Guyana,Guy.,Guyana,Guyana,GUY,Latin America & Caribbean,Guyana,Upper middle income,"3,446",7818.900522,29.0,225620.0,97.0,94.0,84.0
125,HND,0.0,2.0,HND,HND,HND,340,Sovereign country,Honduras,Hond.,Honduras,Honduras,HND,Latin America & Caribbean,Honduras,Lower middle income,"21,517",4738.079453,32.0,2964800.0,99.0,97.0,83.0
127,HRV,0.0,2.0,HRV,HRV,HRV,191,Sovereign country,Croatia,Cro.,Croatia,Croatia,HRV,Eastern Europe & Central Asia,Croatia,Upper middle income,"50,425",23596.24491,15.0,628350.0,98.0,97.0,
128,HTI,0.0,2.0,HTI,HTI,HTI,332,Sovereign country,Haiti,Haiti,Haiti,Haiti,HTI,Latin America & Caribbean,Haiti,Low income,"8,023",1784.182184,33.0,3623730.0,78.0,75.0,48.0
129,HUN,0.0,2.0,HUN,HUN,HUN,348,Sovereign country,Hungary,Hun.,Hungary,Hungary,HUN,Western Europe,Hungary,High income,"124,343",26680.5941,14.0,1361080.0,99.0,99.0,99.0
130,IDN,0.0,2.0,IDN,IDN,IDN,360,Sovereign country,Indonesia,Indo.,Indonesia,Indonesia,IDN,East Asia & Pacific,Indonesia,Lower middle income,"932,259",11612.06637,27.0,71277570.0,95.0,89.0,72.0
132,IND,0.0,2.0,IND,IND,IND,356,Sovereign country,India,India,India,India,IND,South Asia,India,Lower middle income,"2,263,523",6572.336719,28.0,374970400.0,91.0,86.0,44.0
134,-99,0.0,3.0,IRQ,IRQ,IRK,-99,Geo unit,Iraqi Kurdistan,KRG,Iraqi Kurdistan,Iraqi Kurdistan,IRQ,Middle East & North Africa,Iraq,Upper middle income,"171,489",17353.47924,40.0,15310000.0,73.0,88.0,98.0
135,-99,0.0,3.0,IRQ,IRQ,IRR,-99,Geo unit,Iraq,Iraq,Iraq,Iraq,IRQ,Middle East & North Africa,Iraq,Upper middle income,"171,489",17353.47924,40.0,15310000.0,73.0,88.0,98.0
136,IRL,0.0,2.0,IRL,IRL,IRL,372,Sovereign country,Ireland,Ire.,Ireland,Ireland,IRL,Western Europe,Ireland,High income,"294,054",68882.87834,22.0,1047640.0,98.0,90.0,69.0
137,IRN,0.0,2.0,IRN,IRN,IRN,364,Sovereign country,Iran,Iran,Iran,Iran,IRN,Middle East & North Africa,Iran (Islamic Republic of),Upper middle income,"393,436",,24.0,19479120.0,99.0,99.0,80.0
138,ISL,0.0,2.0,ISL,ISL,ISL,352,Sovereign country,Iceland,Iceland,Iceland,Iceland,ISL,Western Europe,Iceland,High income,"20,047",51398.92651,20.0,67000.0,96.0,99.0,99.0
139,ISR,1.0,2.0,ISR,ISR,ISR,376,Country,Israel,Isr.,Israel,Israel,ISR,Middle East & North Africa,Israel,High income,"318,744",37901.34697,28.0,2330160.0,94.0,97.0,97.0
140,ITA,0.0,2.0,ITA,ITA,ITA,380,Sovereign country,Italy,Italy,Italy,Italy,ITA,Western Europe,Italy,High income,"1,849,970",38160.67359,14.0,8310400.0,97.0,98.0,
141,JAM,0.0,2.0,JAM,JAM,JAM,388,Sovereign country,Jamaica,Jam.,Jamaica,Jamaica,JAM,Latin America & Caribbean,Jamaica,Upper middle income,"14,027",8834.819084,23.0,664700.0,99.0,97.0,90.0
143,JOR,0.0,2.0,JOR,JOR,JOR,400,Sovereign country,Jordan,Jord.,Jordan,Jordan,JOR,Middle East & North Africa,Jordan,Lower middle income,"38,655",9050.071964,36.0,3492720.0,99.0,99.0,96.0
144,JPN,0.0,2.0,JPN,JPN,JPN,392,Sovereign country,Japan,Japan,Japan,Japan,JPN,East Asia & Pacific,Japan,High income,"4,939,384",41469.85471,13.0,16572920.0,99.0,99.0,94.0
146,KAZ,0.0,2.0,KAZ,KAZ,KAZ,398,Sovereign country,Kazakhstan,Kaz.,Kazakhstan,Kazakhstan,KAZ,Eastern Europe & Central Asia,Kazakhstan,Upper middle income,"133,657",25263.81024,28.0,5097120.0,93.0,98.0,
147,KEN,0.0,2.0,KEN,KEN,KEN,404,Sovereign country,Kenya,Ken.,Kenya,Kenya,KEN,Eastern & Southern Africa,Kenya,Lower middle income,"70,529",3155.94041,40.0,19880000.0,96.0,96.0,89.0
148,KGZ,0.0,2.0,KGZ,KGZ,KGZ,417,Sovereign country,Kyrgyzstan,Kgz.,Kyrgyzstan,Kyrgyzstan,KGZ,Eastern Europe & Central Asia,Kyrgyzstan,Lower middle income,"6,551",3551.152704,32.0,1934400.0,97.0,98.0,
149,KHM,0.0,2.0,KHM,KHM,KHM,116,Sovereign country,Cambodia,Camb.,Cambodia,Cambodia,KHM,East Asia & Pacific,Cambodia,Lower middle income,"20,017",3735.478623,31.0,4961550.0,92.0,59.0,62.0
150,KIR,0.0,2.0,KIR,KIR,KIR,296,Sovereign country,Kiribati,Kir.,Kiribati,Kiribati,KIR,East Asia & Pacific,Kiribati,Lower middle income,166,2047.231611,35.0,40600.0,82.0,92.0,62.0
151,KNA,0.0,2.0,KNA,KNA,KNA,659,Sovereign country,Saint Kitts and Nevis,St.K.N.,St. Kitts and Nevis,Saint Kitts and Nevis,KNA,Latin America & Caribbean,Saint Kitts and Nevis,High income,917,26685.99418,,,99.0,99.0,99.0
152,-99,0.0,3.0,KOR,-99,KNX,-99,Overlay,Korean Demilitarized Zone (south),DMZ South,Korean DMZ (south),Korean DMZ (south),KOR,East Asia & Pacific,Republic of Korea,High income,"1,411,246",35750.76998,13.0,6627660.0,98.0,96.0,91.0
153,KOR,0.0,2.0,KOR,KOR,KOR,410,Sovereign country,South Korea,S.K.,Korea,Republic of Korea,KOR,East Asia & Pacific,Republic of Korea,High income,"1,411,246",35750.76998,13.0,6627660.0,98.0,96.0,91.0
154,-99,0.0,3.0,PRK,-99,KNZ,-99,Overlay,Korean Demilitarized Zone (north),DMZ North,Korean DMZ (north),Korean DMZ (north),PRK,East Asia & Pacific,Democratic Peopleís Republic of Korea,Low income, .. ,,,,97.0,74.0,82.0
155,PRK,0.0,2.0,PRK,PRK,PRK,408,Sovereign country,North Korea,N.K.,Dem. Rep. Korea,Dem. Rep. Korea,PRK,East Asia & Pacific,Democratic Peopleís Republic of Korea,Low income, .. ,,,,97.0,74.0,82.0
156,-99,0.0,2.0,KOS,SRB,KOS,-99,Sovereign country,Kosovo,Kos.,Kosovo,Kosovo,SRB,Eastern Europe & Central Asia,Serbia,Upper middle income,"37,745",14511.79145,16.0,1406560.0,97.0,97.0,
157,-99,0.0,3.0,SRB,SRB,SRS,-99,Geo unit,Serbia,Serb.,Serbia,Serbia,SRB,Eastern Europe & Central Asia,Serbia,Upper middle income,"37,745",14511.79145,16.0,1406560.0,97.0,97.0,
158,-99,0.0,3.0,SRB,SRB,SRV,-99,Geo unit,Vojvodina,Vojv.,Vojvodina,Vojvodina,SRB,Eastern Europe & Central Asia,Serbia,Upper middle income,"37,745",14511.79145,16.0,1406560.0,97.0,97.0,
160,KWT,0.0,2.0,KWT,KWT,KWT,414,Sovereign country,Kuwait,Kwt.,Kuwait,Kuwait,KWT,Middle East & North Africa,Kuwait,High income,"114,041",,21.0,868770.0,99.0,99.0,97.0
161,LAO,0.0,2.0,LAO,LAO,LAO,418,Sovereign country,Laos,Laos,Lao PDR,Lao PDR,LAO,East Asia & Pacific,Lao Peopleís Democratic Republic,Lower middle income,"15,903",6186.084162,,,85.0,80.0,24.0
162,LBN,0.0,2.0,LBN,LBN,LBN,422,Sovereign country,Lebanon,Leb.,Lebanon,Lebanon,LBN,Middle East & North Africa,Lebanon,Upper middle income,"47,537",13995.65225,23.0,1398860.0,84.0,97.0,55.0
163,LBR,0.0,2.0,LBR,LBR,LBR,430,Sovereign country,Liberia,Liberia,Liberia,Liberia,LBR,West & Central Africa,Liberia,Low income,"2,101",812.8867372,42.0,1987440.0,99.0,,
164,LBY,0.0,2.0,LBY,LBY,LBY,434,Sovereign country,Libya,Libya,Libya,Libya,LBY,Middle East & North Africa,Libya,Upper middle income, .. ,,28.0,1785000.0,98.0,98.0,94.0
165,LCA,0.0,2.0,LCA,LCA,LCA,662,Sovereign country,Saint Lucia,S.L.,Saint Lucia,Saint Lucia,LCA,Latin America & Caribbean,Saint Lucia,Upper middle income,"1,379",11545.77584,19.0,34010.0,95.0,96.0,92.0
167,LKA,0.0,2.0,LKA,LKA,LKA,144,Sovereign country,Sri Lanka,Sri L.,Sri Lanka,Sri Lanka,LKA,South Asia,Sri Lanka,Lower middle income,"81,322",12316.16411,24.0,5010480.0,99.0,97.0,91.0
169,LSO,0.0,2.0,LSO,LSO,LSO,426,Sovereign country,Lesotho,Les.,Lesotho,Lesotho,LSO,Eastern & Southern Africa,Lesotho,Lower middle income,"2,200",3029.335431,35.0,781550.0,98.0,94.0,91.0
170,LTU,0.0,2.0,LTU,LTU,LTU,440,Sovereign country,Lithuania,Lith.,Lithuania,Lithuania,LTU,Western Europe,Lithuania,High income,"42,739",29966.12707,15.0,433500.0,97.0,97.0,
171,LUX,0.0,2.0,LUX,LUX,LUX,442,Sovereign country,Luxembourg,Lux.,Luxembourg,Luxembourg,LUX,Western Europe,Luxembourg,High income,"59,948",105881.7605,16.0,93280.0,99.0,98.0,95.0
172,LVA,0.0,2.0,LVA,LVA,LVA,428,Sovereign country,Latvia,Lat.,Latvia,Latvia,LVA,Western Europe,Latvia,High income,"27,677",26031.00442,15.0,292500.0,99.0,99.0,
175,MAR,0.0,2.0,MAR,MAR,MAR,504,Sovereign country,Morocco,Mor.,Morocco,Morocco,MAR,Middle East & North Africa,Morocco,Lower middle income,"101,445",7837.904438,27.0,9649800.0,99.0,91.0,84.0
176,MCO,0.0,2.0,MCO,MCO,MCO,492,Sovereign country,Monaco,Mco.,Monaco,Monaco,MCO,Western Europe,Monaco,High income, .. ,,,,99.0,99.0,
177,MDA,0.0,2.0,MDA,MDA,MDA,498,Sovereign country,Moldova,Mda.,Moldova,Moldova,MDA,Eastern Europe & Central Asia,Republic of Moldova,Lower middle income,"6,750",5333.614925,16.0,648160.0,94.0,98.0,
178,MDG,0.0,2.0,MDG,MDG,MDG,450,Sovereign country,Madagascar,Mad.,Madagascar,Madagascar,MDG,Eastern & Southern Africa,Madagascar,Low income,"9,991",1506.009345,41.0,10484110.0,84.0,73.0,55.0
179,MDV,0.0,2.0,MDV,MDV,MDV,462,Sovereign country,Maldives,Mald.,Maldives,Maldives,MDV,South Asia,Maldives,Upper middle income,"3,591",13198.88003,23.0,100280.0,99.0,98.0,67.0
180,MEX,0.0,2.0,MEX,MEX,MEX,484,Sovereign country,Mexico,Mex.,Mexico,Mexico,MEX,Latin America & Caribbean,Mexico,Upper middle income,"1,045,998",17861.5687,27.0,34874010.0,99.0,98.0,75.0
181,MHL,0.0,2.0,MHL,MHL,MHL,584,Sovereign country,Marshall Islands,M. Is.,Marshall Is.,Marshall Islands,MHL,East Asia & Pacific,Marshall Islands,Upper middle income,183,4072.354487,,,87.0,92.0,
182,MKD,0.0,2.0,MKD,MKD,MKD,807,Sovereign country,Macedonia,Mkd.,Macedonia,Macedonia,MKD,Eastern Europe & Central Asia,The former Yugoslav Republic of Macedonia,Upper middle income,"10,900",15121.25165,,,97.0,97.0,
183,MLI,0.0,2.0,MLI,MLI,MLI,466,Sovereign country,Mali,Mali,Mali,Mali,MLI,West & Central Africa,Mali,Low income,"14,045",2117.218178,48.0,8900160.0,86.0,77.0,28.0
184,MLT,0.0,2.0,MLT,MLT,MLT,470,Sovereign country,Malta,Malta,Malta,Malta,MLT,Western Europe,Malta,High income,"10,949",37899.21063,14.0,60340.0,97.0,97.0,95.0
185,MMR,0.0,2.0,MMR,MMR,MMR,104,Sovereign country,Myanmar,Myan.,Myanmar,Myanmar,MMR,East Asia & Pacific,Myanmar,Lower middle income,"67,430",5772.895394,27.0,14410170.0,94.0,96.0,44.0
186,MNE,0.0,2.0,MNE,MNE,MNE,499,Sovereign country,Montenegro,Mont.,Montenegro,Montenegro,MNE,Eastern Europe & Central Asia,Montenegro,Upper middle income,"4,173",16853.82857,18.0,113220.0,97.0,,
187,MNG,0.0,2.0,MNG,MNG,MNG,496,Sovereign country,Mongolia,Mong.,Mongolia,Mongolia,MNG,East Asia & Pacific,Mongolia,Lower middle income,"11,160",12220.39348,30.0,922800.0,99.0,96.0,93.0
189,MOZ,0.0,2.0,MOZ,MOZ,MOZ,508,Sovereign country,Mozambique,Moz.,Mozambique,Mozambique,MOZ,Eastern & Southern Africa,Mozambique,Low income,"11,015",1217.111397,45.0,13351050.0,90.0,76.0,57.0
191,MRT,0.0,2.0,MRT,MRT,MRT,478,Sovereign country,Mauritania,Mrt.,Mauritania,Mauritania,MRT,West & Central Africa,Mauritania,Lower middle income,"4,635",3853.534663,40.0,1768000.0,87.0,89.0,57.0
194,MUS,0.0,2.0,MUS,MUS,MUS,480,Sovereign country,Mauritius,Mus.,Mauritius,Mauritius,MUS,Eastern & Southern Africa,Mauritius,Upper middle income,"12,164",21087.74915,18.0,227700.0,97.0,96.0,95.0
195,MWI,0.0,2.0,MWI,MWI,MWI,454,Sovereign country,Malawi,Mal.,Malawi,Malawi,MWI,Eastern & Southern Africa,Malawi,Low income,"5,442",1169.313739,44.0,8193680.0,89.0,96.0,80.0
196,MYS,0.0,2.0,MYS,MYS,MYS,458,Sovereign country,Malaysia,Malay.,Malaysia,Malaysia,MYS,East Asia & Pacific,Malaysia,Upper middle income,"296,359",27680.76867,24.0,7589760.0,99.0,98.0,73.0
198,NAM,0.0,2.0,NAM,NAM,NAM,516,Sovereign country,Namibia,Nam.,Namibia,Namibia,NAM,Eastern & Southern Africa,Namibia,Upper middle income,"10,267",10584.96281,37.0,937580.0,98.0,88.0,
200,NER,0.0,2.0,NER,NER,NER,562,Sovereign country,Niger,Niger,Niger,Niger,NER,West & Central Africa,Niger,Low income,"7,509",978.4021911,50.0,10738500.0,87.0,44.0,24.0
202,NGA,0.0,2.0,NGA,NGA,NGA,566,Sovereign country,Nigeria,Nigeria,Nigeria,Nigeria,NGA,West & Central Africa,Nigeria,Lower middle income,"405,083",5867.141985,44.0,83989840.0,64.0,51.0,46.0
203,NIC,0.0,2.0,NIC,NIC,NIC,558,Sovereign country,Nicaragua,Nic.,Nicaragua,Nicaragua,NIC,Latin America & Caribbean,Nicaragua,Lower middle income,"13,231",5541.277284,29.0,1803220.0,99.0,93.0,70.0
204,NIU,1.0,2.0,NIU,NIU,NIU,570,Dependency,Niue,Niue,Niue,Niue,NIU,East Asia & Pacific,Niue,,,,,,99.0,99.0,93.0
205,-99,0.0,3.0,NOR,SJM,NJM,-99,Geo unit,Jan Mayen,J.M.,Jan Mayen I.,Jan Mayen Island,NOR,Western Europe,Norway,High income,"370,557",59301.67024,18.0,954900.0,99.0,98.0,94.0
206,NOR,0.0,3.0,NOR,NOR,NOW,578,Geo unit,Norway,Nor.,Norway,Norway,NOR,Western Europe,Norway,High income,"370,557",59301.67024,18.0,954900.0,99.0,98.0,94.0
207,-99,1.0,3.0,NLD,NLD,NLX,-99,Geo core,Netherlands,Neth.,Netherlands,Netherlands,NLD,Western Europe,Netherlands,High income,"770,845",50898.08869,16.0,2725760.0,98.0,98.0,98.0
209,NPL,0.0,2.0,NPL,NPL,NPL,524,Sovereign country,Nepal,Nepal,Nepal,Nepal,NPL,South Asia,Nepal,Low income,"21,144",2467.841139,31.0,9084550.0,92.0,85.0,63.0
210,NRU,0.0,2.0,NRU,NRU,NRU,520,Sovereign country,Nauru,Nauru,Nauru,Nauru,NRU,East Asia & Pacific,Nauru,Upper middle income,102,13970.15431,,,98.0,77.0,82.0
212,NZL,1.0,2.0,NZL,NZL,NZL,554,Country,New Zealand,N.Z.,New Zealand,New Zealand,NZL,East Asia & Pacific,New Zealand,High income,"185,017",39058.6924,20.0,941200.0,92.0,96.0,88.0
213,OMN,0.0,2.0,OMN,OMN,OMN,512,Sovereign country,Oman,Oman,Oman,Oman,OMN,Middle East & North Africa,Oman,High income,"66,293",,22.0,1019920.0,99.0,99.0,94.0
214,PAK,0.0,2.0,PAK,PAK,PAK,586,Sovereign country,Pakistan,Pak.,Pakistan,Pakistan,PAK,South Asia,Pakistan,Lower middle income,"283,660",5249.288036,35.0,68955600.0,79.0,62.0,59.0
215,PAN,0.0,2.0,PAN,PAN,PAN,591,Sovereign country,Panama,Pan.,Panama,Panama,PAN,Latin America & Caribbean,Panama,Upper middle income,"55,188",23014.69004,27.0,1106730.0,96.0,97.0,88.0
216,-99,0.0,3.0,PRT,-99,PAZ,-99,Geo unit,Azores,Az.,Azores,Azores,PRT,Western Europe,Portugal,High income,"204,565",30624.17469,14.0,1446200.0,99.0,98.0,93.0
217,-99,0.0,3.0,PRT,-99,PMD,-99,Geo unit,Madeira,Mad.,Madeira,Madeira,PRT,Western Europe,Portugal,High income,"204,565",30624.17469,14.0,1446200.0,99.0,98.0,93.0
218,-99,0.0,3.0,PRT,PRT,PRX,-99,Geo unit,Portugal,Port.,Portugal,Portugal,PRT,Western Europe,Portugal,High income,"204,565",30624.17469,14.0,1446200.0,99.0,98.0,93.0
220,PER,0.0,2.0,PER,PER,PER,604,Sovereign country,Peru,Peru,Peru,Peru,PER,Latin America & Caribbean,Peru,Upper middle income,"192,094",13022.01745,27.0,8684550.0,94.0,97.0,74.0
221,PHL,0.0,2.0,PHL,PHL,PHL,608,Sovereign country,Philippines,Phil.,Philippines,Philippines,PHL,East Asia & Pacific,Philippines,Lower middle income,"304,905",7806.211272,32.0,33573760.0,87.0,82.0,86.0
222,PLW,0.0,2.0,PLW,PLW,PLW,585,Sovereign country,Palau,Palau,Palau,Palau,PLW,East Asia & Pacific,Palau,High income,293,15373.25924,,,99.0,98.0,98.0
223,-99,0.0,3.0,PNG,PNG,PNB,-99,Geo unit,Bougainville,Boug.,Bougainville,Bougainville,PNG,East Asia & Pacific,Papua New Guinea,Lower middle income,"16,929",,36.0,2970360.0,87.0,80.0,69.0
224,-99,0.0,3.0,PNG,PNG,PNX,-99,Geo unit,Papua New Guinea,P.N.G.,Papua New Guinea,Papua New Guinea,PNG,East Asia & Pacific,Papua New Guinea,Lower middle income,"16,929",,36.0,2970360.0,87.0,80.0,69.0
225,POL,0.0,2.0,POL,POL,POL,616,Sovereign country,Poland,Pol.,Poland,Poland,POL,Western Europe,Poland,High income,"469,509",27810.51663,15.0,5725650.0,99.0,98.0,98.0
227,PRY,0.0,2.0,PRY,PRY,PRY,600,Sovereign country,Paraguay,Para.,Paraguay,Paraguay,PRY,Latin America & Caribbean,Paraguay,Upper middle income,"27,441",9576.561654,29.0,1975190.0,99.0,89.0,77.0
229,QAT,0.0,2.0,QAT,QAT,QAT,634,Sovereign country,Qatar,Qatar,Qatar,Qatar,QAT,Middle East & North Africa,Qatar,High income,"152,469",127522.6711,14.0,369460.0,99.0,97.0,89.0
231,ROU,0.0,2.0,ROU,ROU,ROU,642,Sovereign country,Romania,Rom.,Romania,Romania,ROU,Eastern Europe & Central Asia,Romania,Upper middle income,"186,691",23626.37274,15.0,2951850.0,96.0,98.0,96.0
232,RUS,0.0,2.0,RUS,RUS,RUS,643,Sovereign country,Russia,Rus.,Russia,Russian Federation,RUS,Eastern Europe & Central Asia,Russian Federation,Upper middle income,"1,283,162",23162.63216,18.0,25918200.0,97.0,94.0,
233,RWA,0.0,2.0,RWA,RWA,RWA,646,Sovereign country,Rwanda,Rwa.,Rwanda,Rwanda,RWA,Eastern & Southern Africa,Rwanda,Low income,"8,376",1913.402063,40.0,4883200.0,99.0,96.0,95.0
235,SAU,0.0,2.0,SAU,SAU,SAU,682,Sovereign country,Saudi Arabia,Saud.,Saudi Arabia,Saudi Arabia,SAU,Middle East & North Africa,Saudi Arabia,High income,"646,438",54430.86113,25.0,8234500.0,98.0,97.0,95.0
236,SDN,0.0,2.0,SDN,SDN,SDN,729,Sovereign country,Sudan,Sudan,Sudan,Sudan,SDN,Eastern & Southern Africa,Sudan,Lower middle income,"95,584",4730.292058,41.0,16618530.0,97.0,79.0,36.0
237,SSD,0.0,2.0,SDS,SSD,SDS,728,Sovereign country,South Sudan,S. Sud.,S. Sudan,South Sudan,SSD,Eastern & Southern Africa,South Sudan,Low income,"9,015",,42.0,5281920.0,35.0,,
238,SEN,0.0,2.0,SEN,SEN,SEN,686,Sovereign country,Senegal,Sen.,Senegal,Senegal,SEN,West & Central Africa,Senegal,Low income,"14,765",2567.80042,43.0,6815930.0,96.0,88.0,77.0
239,SGP,0.0,2.0,SGP,SGP,SGP,702,Sovereign country,Singapore,Sing.,Singapore,Singapore,SGP,East Asia & Pacific,Singapore,High income,"296,966",87855.58491,15.0,856350.0,98.0,94.0,97.0
242,SLB,0.0,2.0,SLB,SLB,SLB,90,Sovereign country,Solomon Islands,S. Is.,Solomon Is.,Solomon Islands,SLB,East Asia & Pacific,Solomon Islands,Lower middle income,"1,202",2235.899993,39.0,238290.0,99.0,89.0,67.0
243,SLE,0.0,2.0,SLE,SLE,SLE,694,Sovereign country,Sierra Leone,S.L.,Sierra Leone,Sierra Leone,SLE,West & Central Africa,Sierra Leone,Low income,"3,669",1473.403805,42.0,3173940.0,97.0,,
244,SLV,0.0,2.0,SLV,SLV,SLV,222,Sovereign country,El Salvador,El. S.,El Salvador,El Salvador,SLV,Latin America & Caribbean,El Salvador,Lower middle income,"26,797",8619.068674,27.0,1722060.0,97.0,98.0,74.0
245,SMR,0.0,2.0,SMR,SMR,SMR,674,Sovereign country,San Marino,S.M.,San Marino,San Marino,SMR,Western Europe,San Marino,High income, .. ,,,,78.0,99.0,99.0
246,-99,0.0,2.0,SOL,SOM,SOL,-99,Indeterminate,Somaliland,Solnd.,Somaliland,Somaliland,SOM,Eastern & Southern Africa,Somalia,Low income,"6,217",,46.0,6781780.0,52.0,45.0,40.0
247,-99,0.0,3.0,SOM,SOM,SOP,-99,Geo unit,Puntland,Punt.,Puntland,Puntland,SOM,Eastern & Southern Africa,Somalia,Low income,"6,217",,46.0,6781780.0,52.0,45.0,40.0
248,-99,0.0,3.0,SOM,SOM,SOX,-99,Geo unit,Somalia,Som.,Somalia,Somalia,SOM,Eastern & Southern Africa,Somalia,Low income,"6,217",,46.0,6781780.0,52.0,45.0,40.0
250,STP,0.0,2.0,STP,STP,STP,678,Sovereign country,Sao Tome and Principe,S.T.P.,S√£o Tom√© and Principe,S√£o Tom√© and Principe,STP,West & Central Africa,Sao Tome and Principe,Lower middle income,351,3229.058078,43.0,87720.0,97.0,87.0,85.0
251,SUR,0.0,2.0,SUR,SUR,SUR,740,Sovereign country,Suriname,Sur.,Suriname,Suriname,SUR,Latin America & Caribbean,Suriname,Upper middle income,"3,621",14146.34264,26.0,146380.0,92.0,93.0,93.0
252,SVK,0.0,2.0,SVK,SVK,SVK,703,Sovereign country,Slovakia,Svk.,Slovakia,Slovakia,SVK,Western Europe,Slovakia,High income,"89,552",30631.95391,15.0,817200.0,99.0,99.0,
253,SVN,0.0,2.0,SVN,SVN,SVN,705,Sovereign country,Slovenia,Slo.,Slovenia,Slovenia,SVN,Western Europe,Slovenia,High income,"43,991",32884.53889,15.0,312000.0,98.0,98.0,
254,SWE,0.0,2.0,SWE,SWE,SWE,752,Sovereign country,Sweden,Swe.,Sweden,Sweden,SWE,Western Europe,Sweden,High income,"511,000",49174.86379,18.0,1783980.0,99.0,99.0,99.0
255,SWZ,0.0,2.0,SWZ,SWZ,SWZ,748,Sovereign country,Swaziland,Swz.,Swaziland,Swaziland,SWZ,Eastern & Southern Africa,Swaziland,Lower middle income,"3,727",8342.709639,37.0,505790.0,96.0,94.0,90.0
257,SYC,0.0,2.0,SYC,SYC,SYC,690,Sovereign country,Seychelles,Syc.,Seychelles,Seychelles,SYC,Eastern & Southern Africa,Seychelles,High income,"1,427",28391.32835,22.0,20900.0,98.0,99.0,97.0
258,-99,0.0,3.0,SYR,SYR,SYU,-99,Overlay,UNDOF,DOF,UNDOF Zone,UNDOF Zone,SYR,Middle East & North Africa,Syrian Arab Republic,Lower middle income, .. ,,37.0,6759900.0,61.0,96.0,90.0
259,SYR,0.0,3.0,SYR,SYR,SYX,760,Geo unit,Syria,Syria,Syria,Syrian Arab Republic,SYR,Middle East & North Africa,Syrian Arab Republic,Lower middle income, .. ,,37.0,6759900.0,61.0,96.0,90.0
261,TCD,0.0,2.0,TCD,TCD,TCD,148,Sovereign country,Chad,Chad,Chad,Chad,TCD,West & Central Africa,Chad,Low income,"9,601",1991.247916,47.0,7003000.0,60.0,44.0,31.0
262,TGO,0.0,2.0,TGO,TGO,TGO,768,Sovereign country,Togo,Togo,Togo,Togo,TGO,West & Central Africa,Togo,Low income,"4,400",1490.926523,42.0,3275160.0,93.0,70.0,59.0
263,THA,0.0,2.0,THA,THA,THA,764,Sovereign country,Thailand,Thai.,Thailand,Thailand,THA,East Asia & Pacific,Thailand,Upper middle income,"406,840",16916.48048,17.0,11736460.0,99.0,97.0,86.0
264,TJK,0.0,2.0,TJK,TJK,TJK,762,Sovereign country,Tajikistan,Tjk.,Tajikistan,Tajikistan,TJK,Eastern Europe & Central Asia,Tajikistan,Lower middle income,"6,952",2980.090352,35.0,3122350.0,98.0,80.0,
266,TKM,0.0,2.0,TKM,TKM,TKM,795,Sovereign country,Turkmenistan,Turkm.,Turkmenistan,Turkmenistan,TKM,Eastern Europe & Central Asia,Turkmenistan,Upper middle income,"36,180",16880.40662,31.0,1784980.0,99.0,98.0,
267,TLS,0.0,2.0,TLS,TLS,TLS,626,Sovereign country,East Timor,T.L.,Timor-Leste,Timor-Leste,TLS,East Asia & Pacific,Timor-Leste,Lower middle income,"1,442",,44.0,570240.0,95.0,,
268,TON,0.0,2.0,TON,TON,TON,776,Sovereign country,Tonga,Tongo,Tonga,Tonga,TON,East Asia & Pacific,Tonga,Upper middle income,395,5752.310637,36.0,38880.0,83.0,99.0,91.0
269,TTO,0.0,2.0,TTO,TTO,TTO,780,Sovereign country,Trinidad and Tobago,Tr.T.,Trinidad and Tobago,Trinidad and Tobago,TTO,Latin America & Caribbean,Trinidad and Tobago,High income,"20,989",31907.77772,21.0,287490.0,97.0,96.0,88.0
270,TUN,0.0,2.0,TUN,TUN,TUN,788,Sovereign country,Tunisia,Tun.,Tunisia,Tunisia,TUN,Middle East & North Africa,Tunisia,Lower middle income,"42,063",11598.54859,24.0,2767680.0,99.0,98.0,89.0
271,TUR,0.0,2.0,TUR,TUR,TUR,792,Sovereign country,Turkey,Tur.,Turkey,Turkey,TUR,Eastern Europe & Central Asia,Turkey,Upper middle income,"857,749",24243.92399,25.0,20186250.0,99.0,89.0,70.0
272,TUV,0.0,2.0,TUV,TUV,TUV,798,Sovereign country,Tuvalu,Tuv.,Tuvalu,Tuvalu,TUV,East Asia & Pacific,Tuvalu,Upper middle income,34,3651.97748,,,99.0,98.0,90.0
274,TZA,0.0,2.0,TZA,TZA,TZA,834,Sovereign country,Tanzania,Tanz.,Tanzania,Tanzania,TZA,Eastern & Southern Africa,United Republic of Tanzania,Low income,"47,431",2786.666719,45.0,25789500.0,99.0,94.0,90.0
275,-99,0.0,3.0,TZA,TZA,TZZ,-99,Geo unit,Zanzibar,Zan.,Zanzibar,Zanzibar,TZA,Eastern & Southern Africa,United Republic of Tanzania,Low income,"47,431",2786.666719,45.0,25789500.0,99.0,94.0,90.0
276,UGA,0.0,2.0,UGA,UGA,UGA,800,Sovereign country,Uganda,Uga.,Uganda,Uganda,UGA,Eastern & Southern Africa,Uganda,Low income,"25,528",1848.786757,48.0,20574240.0,89.0,80.0,45.0
277,UKR,0.0,2.0,UKR,UKR,UKR,804,Sovereign country,Ukraine,Ukr.,Ukraine,Ukraine,UKR,Eastern Europe & Central Asia,Ukraine,Lower middle income,"93,270",8271.779979,15.0,6633450.0,42.0,99.0,
278,URY,0.0,2.0,URY,URY,URY,858,Sovereign country,Uruguay,Ury.,Uruguay,Uruguay,URY,Latin America & Caribbean,Uruguay,High income,"52,420",21625.26889,21.0,725970.0,97.0,97.0,88.0
279,USA,1.0,2.0,USA,USA,USA,840,Country,United States of America,U.S.A.,United States,United States,USA,North America,United States of America,High income,"18,569,100",57466.78711,19.0,61647210.0,97.0,98.0,98.0
280,UZB,0.0,2.0,UZB,UZB,UZB,860,Sovereign country,Uzbekistan,Uzb.,Uzbekistan,Uzbekistan,UZB,Eastern Europe & Central Asia,Uzbekistan,Lower middle income,"67,220",6514.326071,28.0,8935080.0,99.0,98.0,
282,VCT,0.0,2.0,VCT,VCT,VCT,670,Sovereign country,Saint Vincent and the Grenadines,St.V.G.,St. Vin. and Gren.,Saint Vincent and the Grenadines,VCT,Latin America & Caribbean,Saint Vincent and The Grenadines,Upper middle income,771,11605.61029,,,99.0,99.0,98.0
283,VEN,0.0,2.0,VEN,VEN,VEN,862,Sovereign country,Venezuela,Ven.,Venezuela,Venezuela,VEN,Latin America & Caribbean,Venezuela (Bolivarian Republic of),Upper middle income, .. ,,28.0,8953560.0,98.0,80.0,80.0
286,VNM,0.0,2.0,VNM,VNM,VNM,704,Sovereign country,Vietnam,Viet.,Vietnam,Vietnam,VNM,East Asia & Pacific,Viet Nam,Lower middle income,"202,616",6424.133768,23.0,21974430.0,96.0,97.0,68.0
287,VUT,0.0,2.0,VUT,VUT,VUT,548,Sovereign country,Vanuatu,Van.,Vanuatu,Vanuatu,VUT,East Asia & Pacific,Vanuatu,Lower middle income,774,3081.372381,36.0,99360.0,75.0,86.0,56.0
290,WSM,0.0,2.0,WSM,WSM,WSM,882,Sovereign country,Samoa,Samoa,Samoa,Samoa,WSM,East Asia & Pacific,Samoa,Upper middle income,786,6345.264119,37.0,72520.0,95.0,98.0,97.0
291,YEM,0.0,2.0,YEM,YEM,YEM,887,Sovereign country,Yemen,Yem.,Yemen,Yemen,YEM,Middle East & North Africa,Yemen,Lower middle income,"27,318",2508.128228,40.0,11300000.0,76.0,72.0,35.0
292,ZAF,0.0,2.0,ZAF,ZAF,ZAF,710,Sovereign country,South Africa,S.Af.,South Africa,South Africa,ZAF,Eastern & Southern Africa,South Africa,Upper middle income,"294,841",13225.43723,29.0,16447930.0,78.0,90.0,88.0
293,ZMB,0.0,2.0,ZMB,ZMB,ZMB,894,Sovereign country,Zambia,Zambia,Zambia,Zambia,ZMB,Eastern & Southern Africa,Zambia,Lower middle income,"19,551",3922.335309,45.0,7692300.0,99.0,94.0,86.0
294,ZWE,0.0,2.0,ZWE,ZWE,ZWE,716,Sovereign country,Zimbabwe,Zimb.,Zimbabwe,Zimbabwe,ZWE,Eastern & Southern Africa,Zimbabwe,Low income,"16,289",2006.374724,41.0,6777300.0,94.0,96.0,91.0
